{"localPosition":{"x":-3.950000047683716,"y":1.7200000286102296,"z":17.200000762939454},"localRotation":{"x":0.008372562006115914,"y":0.0341133289039135,"z":-0.0002857922518160194,"w":0.9993829131126404},"localScale":{"x":3.390000104904175,"y":1.309999942779541,"z":8.020000457763672},"isApplied":true}