{"localPosition":{"x":-0.029999999329447748,"y":0.0,"z":14.800000190734864},"localRotation":{"x":0.0,"y":0.0,"z":0.0,"w":1.0},"localScale":{"x":1.0,"y":1.0,"z":1.0},"isApplied":true}